{"gen_jet_ncharged": {"0": [0.02227535543313042, 0.026314518133887594, 0.022014332909172128, 0.016319208879461738, 0.005394562902513764, 0.000968395402682843, 0.003313600985939998, 0.012367807882952948, 0.02559760893512227, 0.038752719238067966, 0.04296488611565147, 0.04996617557958407, 0.07738000463830762, 0.058806235783448305], "1": [0.009848799481515727, 0.011918246292731183, 0.012592295737466768, 0.006682789216011727, 0.0004001880227794698, 0.0016418044507447837, 0.0035905041822476003, 0.008559590099562002, 0.023605056050932268, 0.02981130258740713, 0.014053456452912713, 0.01838105797100859, 0.05789162562689826, 0.021019392364434866], "2": [0.026631869701720594, 0.03576965874219344, 0.024473796840368572, 0.021492263749509164, 0.004690134459636023, 0.007263086057382011, 0.013868882763013936, 0.009015844410282239, 0.022745120022824337, 0.03172723281994416, 0.04703385688588333, 0.04033520266442285, 0.058172846082810925, 0.0003925018539982293], "3": [0.03469268778919778, 0.03852985545739105, 0.027305627828238817, 0.020675170871451747, 0.010473433574106253, 0.0004997716826112193, 0.002346499478576203, 0.01164048650881504, 0.011780219325947318, 0.029223589062494892, 0.026442921267067307, 0.05028908238134634, 0.04891010701683855, 0.06765876035477006], "4": [0.037216064615286676, 0.03550324254638188, 0.031077261351731937, 0.021722261702750843, 0.0016137673746514747, 0.005436850073881176, 0.0009217022986799353, 0.011976474986283918, 0.011697630506715392, 0.013158512666325048, 0.03645445285085584, 0.018909030871341704, 0.009619078248911037, 0.02253140445851248]}, "gen_jet_charge": {"0": [0.014606812023103453, 0.0057314975558059, 0.0034341927155690233, 0.007523496678870055, 0.0001565206375430376, 0.004521340571976865, 0.005460070752876148, 0.02217301815730278, 0.01609675680348978], "1": [0.004932261852152653, 0.0004600175833612154, 7.983036761701597e-05, 0.009059987548290486, 0.003676491190520041, 0.004238448823941447, 0.0013161250724926742, 0.031446074914804174, 0.002481983258929359], "2": [0.01291480423136138, 0.0047733756810098135, 0.003769908739420083, 0.007910407076379558, 0.004506400414563331, 0.00018529029420376927, 0.011509942775163646, 0.009437556637235037, 0.04030104075883534], "3": [0.029156007711741778, 0.005695507149344674, 0.015113694992626938, 0.008628681076677074, 0.004705656930875037, 0.004681664596839326, 0.02504141818894681, 0.03787320235760932, 0.03576444656861113], "4": [0.0009565072663753787, 0.02413869001194221, 0.000891256715325152, 0.02426979058434256, 0.0010044095715124263, 0.018291529190649736, 0.005316200472050262, 0.0005810476957981473, 0.020335799464129948]}, "gen_jet_ptD": {"0": [0.020032732951279168, 0.010621873995144391, 0.003482260932987033, 0.007621303447405526, 0.007303169417833826, 0.011217752252956226, 0.01242182580526319, 0.012763003994360929, 0.0036194243176416395], "1": [0.009748326210934443, 0.008501527435482438, 0.006099297871319948, 0.004874357716780875, 0.0006662116201532395, 0.0016217013787208079, 0.006422291819155481, 0.009485359652824436, 0.002350689102466886], "2": [0.028145903547902893, 0.011426728132783299, 0.0005000356720863414, 0.009058577107874338, 0.01624094319120757, 0.020092485776032856, 0.016649925753576763, 0.014480574782425409, 0.005665281311516289], "3": [0.019600366764037345, 0.00768089449744721, 0.0049947841108981495, 0.005103845964219587, 0.015605875130328262, 0.013224768418547932, 0.02071049307227201, 0.012262268312731773, 0.04856379866424384], "4": [0.004833639648428978, 0.014110050046484395, 0.011111237593099305, 0.014723832304113456, 0.012905203462433698, 0.012778287418525517, 0.004628577017378922, 0.0018920110607810233, 0.0014541200742215264]}, "gen_jet_tau10": {"0": [0.008255827491894525, 0.005486735762201024, 0.0019741494950520294, 0.004562181105925914, 0.003543507000030159, 0.0011299478719263164, 0.0020018582008869672], "1": [0.0012103339016749034, 0.003729990889950827, 0.0030928391068006174, 0.00441846117744585, 0.002425615521887124, 0.0028318475890635785, 0.004304281052194031], "2": [0.001201025678565008, 0.00011099558296073085, 0.0010453690428336906, 6.574823840434433e-05, 0.0020362355922086523, 0.0032071732128389264, 0.0006703417801422447], "3": [0.005385727251440196, 0.0005029856872633184, 0.008975530972181846, 0.005946473966306848, 0.0047230636903389436, 0.012379871300485934, 0.007181660222021072], "4": [0.010490236492642453, 0.010422358293647694, 0.010315852742165997, 0.010317820769617202, 0.0041606693567775984, 0.004512922435673546, 0.0006427561640975474]}, "gen_jet_tau15": {"0": [0.004908854953808095, 0.001555034596631792, 0.002495375521108806, 0.006521906876608882, 0.0058210958658968075, 0.0021743305471657232, 0.00650799689555409], "1": [0.0008443302272459925, 0.0018531465034146702, 0.004750267855428096, 0.006428613851980649, 0.006577671295105018, 0.005930409345303102, 0.005122602673721984], "2": [0.007779273220190162, 0.006667960415441592, 0.0013022826782018132, 0.004723308404276362, 0.0013154335470312948, 0.0009316183252139869, 0.016622366592207817], "3": [0.00821325198484518, 0.0038868409913916163, 0.00812506819163983, 0.0028386212936034076, 0.008861105980809313, 0.0041680261911456904, 0.014259076121345091], "4": [0.012502636642477938, 0.01285713264690723, 0.00814567978456702, 0.0020571815350156593, 0.0008004019110601172, 0.005733775228457334, 0.024330320416463547]}, "gen_jet_tau20": {"0": [0.003985543668543472, 0.00044775438132747515, 0.0014638941608734206, 0.005406352299224953, 0.004608660805284117, 0.0010889638883566238, 0.008940347228689189], "1": [0.00018506760405167646, 0.003095464544376405, 0.0018247320267951726, 0.002381599228020048, 0.0060812425690175325, 0.00359407276049214, 0.007774971856593882], "2": [0.01272501824540667, 0.0009306617060676647, 0.006133764887767036, 0.008020649226441637, 0.002578084802191532, 0.002666249470009135, 0.018830442767993925], "3": [0.00421697291168679, 0.014581989396330158, 0.0015133425986197818, 0.0052369976772119065, 0.008239388927129079, 0.007150487295614086, 0.01304287655957974], "4": [0.006010786679549222, 0.0015816753501328223, 0.0056247103062641995, 0.007465087249296359, 0.016164926166596382, 0.00780789511739593, 0.028982974281368368]}}